time_index,true_value,pred_low,pred_med,pred_high
10093,5.466535,5.2712226,5.994418,6.6510797
10094,5.842321,4.7994657,5.566697,6.253815
10096,6.154094,4.7725477,5.54225,6.23118
10097,6.6756525,5.4571924,6.164139,6.8081
10098,6.021151,5.9553547,6.6163006,7.228213
10099,5.4657364,5.314476,6.0339003,6.687572
10100,4.789223,4.7693825,5.539498,6.2285213
10101,4.2251678,3.9123687314426414,4.749212131442642,5.4850351314426415
10102,3.527706,3.298426368189578,4.188979068189578,4.963103668189578
10103,3.972018,2.816602756285381,3.774738656285381,4.59683975628538
10104,4.246149,3.2341514698377605,4.14878996983776,4.94148996983776
10105,3.2633963,3.136076992262966,4.029362692262966,4.808040692262966
10110,2.627884,1.947554768940103,2.9680096689401028,3.834716768940103
10119,6.1971517,3.3545022,4.2554617,5.036925
10120,6.580107,5.4440827,6.1527686,6.797453
10121,6.573594,5.7526836,6.4343495,7.0574903
10122,6.2137685,5.865404,6.5339904,7.151806
10123,6.52917,5.5111,6.212317,6.8532257
10124,6.196453,5.8373437,6.509714,7.128398
10125,6.7695365,5.4846454,6.1895924,6.8312407
10126,6.6464925,6.105319,6.752416,7.3551197
10127,5.973454,5.9624257,6.623025,7.233919
10128,6.068931,5.303749,6.0250077,6.678709
10129,6.161858,5.42027,6.1300554,6.776785
10130,6.296845,5.4703784,6.1764517,6.819208
10131,4.7457304,5.6147203,6.307212,6.9407377
10132,5.133004,4.01465,4.854256,5.5926394
10133,5.871238,4.4471455,5.2476726,5.9573703
10134,6.030234,5.126423,5.8636227,6.52946
10135,6.1917996,5.2834144,6.0062265,6.661651
10136,6.097741,5.4808974,6.1846566,6.8277984
10137,5.966113,5.3712296,6.086077,6.735609
10138,6.501643,5.242283,5.969478,6.6270933
10139,6.598935,5.8107724,6.484696,7.1058455
10140,6.5265465,5.898481,6.5646005,7.179826
10149,5.8061967,6.1196246,6.7665186,7.3669686
10168,7.568655,6.738616,7.337906,7.9115205
10169,7.5337234,6.930539,7.541955,8.126784
10170,7.366947,6.8977904,7.5060053,8.088423
10172,7.6408925,6.913994,7.523624,8.107311
10175,7.409901,6.8122745,7.414575,7.9911356
10191,4.566494,3.4764388,4.3658857,5.1396255
10194,4.586419,3.6636393,4.5353007,5.2971687
10196,4.6780105,4.2285624,5.04853,5.7732024
10198,4.553094,3.7355378,4.6009564,5.3578343
10212,6.463274,7.7411923,8.456427,9.148091
10213,6.709042,6.057401,6.7094445,7.3132057
10214,6.723182,6.279854,6.911399,7.5022693
10215,5.9352055,6.1758895,6.817251,7.4144163
10216,5.203867,5.370323,6.084719,6.7344575
10217,4.826085,4.589254,5.376001,6.0766397
10218,3.9229178,3.9331278460923675,4.758330346092368,5.487326346092368
10219,2.403568,2.810420718324649,3.728012118324649,4.521025518324649
10220,1.9722382,1.4709006573757986,2.5307457573757985,3.4246015573757984
10221,2.7460458,1.3293153994915532,2.4271453994915535,3.3482861994915534
10222,3.366844,2.065523966346089,3.092920966346089,3.967029266346089
10223,1.8124589,2.0401600080839692,3.021524108083969,3.860785708083969
10224,2.542424,1.0274923542790875,2.1521499542790874,3.0946526542790873
10225,3.2636967,1.869540196360676,2.920590396360676,3.809011396360676
10226,2.5916662,2.1287981384965358,3.1236423384965355,3.9729408384965357
10227,2.4191513,1.5779252824634977,2.634441482463498,3.5285878824634977
10228,2.8053608,1.5744302802344994,2.644448880234499,3.5465837802344993
10229,3.8702073,2.11257041748692,3.1490639174869197,4.02728991748692
10230,4.013397,2.995419149038617,3.929601949038617,4.738106349038617
10231,4.330317,3.133737074740873,4.062045274740873,4.864027774740873
10232,5.106232,3.4254029,4.3184824,5.096516
10233,5.0898576,4.2048707,5.0270424,5.753355
10234,4.831422,4.1749825,5.000774,5.7282667
10235,4.313256,3.842130169697155,4.6839014696971555,5.425210769697156
10236,4.742921,3.4594948,4.350264,5.12528
10237,5.2519865,3.912296,4.7620454,5.506968
10238,5.198412,4.4258137,5.226898,5.939227
10239,5.800366,4.363258,5.1710024,5.8866496
10240,6.314849,5.0235662,5.7694864,6.442705
10241,6.329961,5.5494986,6.2465167,6.8856034
10242,5.772202,5.582807,6.277459,6.9137406
10243,4.411164,4.756681443299676,5.5026337432996755,6.174482043299675
10244,3.8508153,3.5007516078964707,4.3756250078964705,5.137828707896471
10245,3.40174,2.9834917665724396,3.9057927665724397,4.70370376657244
10246,3.8183458,2.6495134461484575,3.6200663461484575,4.4510676461484575
10247,4.7662787,3.0241277,3.954651,4.7585373
10248,4.429424,3.8382945392778898,4.68422613927789,5.4283171392778895
10249,4.212489,3.5019013421867005,4.3818947421867005,5.1508350421867
10250,4.604119,3.3557105,4.2567167,5.0380034
10256,5.392121,6.0650034,6.715443,7.3218317
10257,5.592327,4.5311213,5.324006,6.0280004
10258,5.553237,4.8851924,5.644759,6.3262606
10259,5.6230493,4.7710733,5.541398,6.230157
10261,3.3251011,3.8242850328467046,4.642318232846705,5.364370332846705
10262,5.4208875,2.525858,3.5033166,4.3387814
10263,6.270242,4.7146325,5.490241,6.1829357
10269,6.080834,5.0231037,5.7688937,6.4421763
10270,5.3733335,5.3332505,6.0514307,6.7036667
10271,5.7503614,4.5992575,5.385764,6.0854106
10272,4.930099,5.0189834,5.7670927,6.43916
10273,5.4625745,4.1260753,4.9568305,5.6869583
10274,5.51359,4.7473917,5.5190587,6.2100782
10275,5.796817,4.7238145,5.498773,6.190414
10276,5.335316,5.043484,5.7886477,6.4596376
10277,5.432285,4.570973,5.3587365,6.061308
10278,5.40565,4.673969,5.453748,6.148477
10279,4.705153,4.6318755,5.4149184,6.112871
10280,5.2282324,3.912832,4.7623434,5.5071545
10281,5.4191914,4.46522,5.264133,5.9726825
10298,7.533399,6.8365736,7.440971,8.018966
10299,7.079354,6.8906217,7.4983306,8.08016
10300,6.851934,6.4814177,7.095378,7.673431
10301,7.037473,6.282763,6.914004,7.5049334
10302,6.6324916,6.4413614,7.0583053,7.639539
10303,6.981023,6.0285473,6.683293,7.2896423
10304,7.2282467,6.3775597,7.0003057,7.5855703
10305,7.191497,6.571373,7.1768765,7.750861
10306,6.973222,6.56557,7.1702347,7.745418
10307,7.079864,6.364919,6.9889026,7.574685
10308,6.954154,6.478431,7.0910773,7.6708503
10309,6.83828,6.343858,6.9694357,7.55681
10310,7.518292,6.2155266,6.854182,7.4483724
10322,5.56401,5.1994348,5.9308085,6.5909686
10324,5.158693,4.8129396,5.5788884,6.265217
10325,5.062367,4.425828,5.2277555,5.939183
10326,5.7528,4.3197126,5.131544,5.8498726
10328,4.760379,4.3738265,5.181765,5.895674
10335,4.086164,2.897151581581999,3.844395181581999,4.661492381581999
10336,4.218097,3.221631895503724,4.137851895503724,4.929467895503724
10337,4.200809,3.340060387256993,4.238993787256993,5.022391387256993
10338,4.0100427,3.268722726940807,4.173028726940807,4.957537026940807
10339,3.956426,3.0922654161210446,4.015992016121045,4.813167316121045
10340,4.32062,3.151433199644978,4.078023599644978,4.878005599644978
10341,4.249752,3.4354152233467046,4.325233223346705,5.100738623346705
10342,4.157624,3.3228057378367364,4.224919137836737,5.006625437836736
10343,3.992541,3.243481291270461,4.150607491270462,4.937015091270461
10344,3.3041968,2.95077524645755,3.87154994645755,4.668821746457549
10345,2.557172,2.2078865341774385,3.1924034341774385,4.035168234177439
10346,3.2268598,1.8222850789803746,2.8742685789803746,3.7646653789803746
10347,3.851699,2.5304088393893895,3.5183262393893893,4.36370983938939
10348,4.748406,2.9637136,3.898999,4.707568
10349,4.807667,3.8302653,4.688465,5.438146
10350,5.004821,3.9014165,4.751063,5.497509
10351,4.454834,4.1432476,4.970606,5.701225
10352,3.6333518,3.353605185037669,4.234248885037669,5.001804885037669
10353,2.44085,2.493669401546567,3.4481623015465668,4.267941701546567
10354,2.3329332,1.5481155223140424,2.6068262223140426,3.5035858223140424
10355,2.5540593,1.5282375311415635,2.5942864311415637,3.4960374311415636
10356,2.123194,1.5812097421952647,2.631865342195265,3.5226045421952645
10357,2.2879183,1.246435139792686,2.337415439792686,3.258027739792686
10359,1.0326468,0.9984916732399733,2.0746542732399735,2.9837010732399736
10360,1.2576741,0.13093725740762624,1.3253167274076263,2.317722627407626
10361,1.5891718,0.4493660914946955,1.6162380214946954,2.588570721494696
10362,1.1217313,0.5242608440882106,1.6658213440882106,2.621896344088211
10363,1.279561,0.19148635737470285,1.380138267374703,2.367516367374703
10364,1.4933358,0.40751487496488364,1.5754337549648836,2.550006654964884
10366,2.553066,0.7925065595582694,1.9509538195582694,2.9183181195582693
10367,2.2287817,1.5278992112382446,2.5861041112382446,3.4808492112382443
10368,1.8509837,1.0865667480723964,2.1830908480723963,3.1046070480723964
10369,2.358306,1.0059296786770981,2.131735818677098,3.073455818677098
10370,1.629672,1.244474895942477,2.321122095942477,3.229014295942477
10371,1.8237559,0.6664383198056996,1.8152057198056997,2.7732087198057
10372,1.296361,0.7908684196796872,1.9116597596796874,2.8516828596796873
10373,1.6247579,0.4127237469080787,1.5833694269080787,2.5603295269080784
10374,2.0111861,0.7734209168303053,1.9143722768303053,2.8671079768303054
10375,2.2330363,1.119629874509461,2.223984374509461,3.154586474509461
10376,1.675825,1.1469030251498178,2.236808225149818,3.154317425149818
10377,1.6969298,0.6856692125638495,1.8284870825638495,2.78272028256385
10378,2.913092,1.07148684128911,2.2084590412891103,3.1582658412891105
10379,2.4658992,1.8972924093521422,2.920151209352142,3.791271409352142
10380,1.6373672,1.2208398479629758,2.2934457479629757,3.199030347962976
10381,3.210423,1.0379456406996215,2.1792272406996216,3.133568440699621
10382,3.7603931,2.4266164620122708,3.4211650620122707,4.270050562012271
10383,3.781744,2.7987021208685463,3.7502304208685464,4.570450020868546
10386,2.5512133,1.8057431356974583,2.838188235697458,3.7159046356974583
10387,1.5004532,1.318304024800979,2.373066724800979,3.266039924800979
10391,1.0441091,0.47461804406900243,1.6193239440690024,2.5767404440690025
10393,1.8790802,1.0187345793894342,2.1251779793894343,3.0544589793894343
10394,2.1252913,0.9524582955863687,2.074694865586369,3.0158633655863687
10410,2.5923452,1.2902941947333273,2.3859657947333273,3.307359994733327
10411,3.3120782,1.819443480159447,2.8756992801594468,3.769944680159447
10412,3.014533,2.2469074228660713,3.242552022866071,4.090387322866071
10413,3.2441623,2.085120944791617,3.107834844791617,3.976866944791617
10414,2.344309,2.0842992862265515,3.079712086226552,3.9300892862265515
10415,2.896542,1.4931224336948958,2.573766233694896,3.484712733694896
10416,3.7178128,2.1955096522296143,3.221220952229614,4.0911111522296135
10422,4.087667,2.502324082551737,3.4971467825517375,4.347622382551737
10423,5.554563,3.147386,4.0669603,4.8626256
10424,4.552049,4.662821,5.4424133,6.1391044
10425,2.6058784,3.0439084839478583,3.923526983947858,4.689241983947858
10426,6.1828504,1.7444671,2.7932103,3.680515
10427,6.340374,5.41677,6.1279545,6.7747374
10428,6.0005803,5.4139886,6.1258,6.772012
10429,5.5504313,5.227302,5.955859,6.6145205
10430,6.2122865,4.7650957,5.5365853,6.2252116
10441,6.128992,4.8346834,5.598464,6.2836366
10453,5.5079017,5.2744355,5.9989047,6.6543465
10454,5.871989,4.7007637,5.478095,6.17101
10455,5.749636,5.118586,5.857459,6.523082
10458,5.345459,4.686239,5.4648137,6.1587315
10459,5.890474,4.596066,5.383107,6.082846
10473,5.7202845,4.780453,5.5495934,6.237889
10475,5.743568,5.047502,5.791266,6.4627237
10476,5.5616503,4.99374,5.744584,6.4179134
10477,5.667063,4.8148813,5.581436,6.2670603
10484,6.5652966,5.9861655,6.643124,7.254118
10485,6.278436,5.86317,6.5323567,7.1499233
10486,6.211569,5.5993514,6.293045,6.927703
10487,6.460884,5.540346,6.2392263,6.877965
10489,6.6975346,5.9138045,6.579079,7.192862
10490,6.2252192,6.028164,6.6828804,7.289691
10492,5.600811,5.1122065,5.850784,6.517306
10493,5.867609,4.914182,5.671169,6.3505793
10494,6.309552,5.161377,5.896093,6.558986
10500,4.466521,4.1435466,4.971628,5.7014475
10501,4.404955,3.64757664592629,4.51749334592629,5.27665564592629
10517,2.6231089,1.8242672202181311,2.858845420218131,3.7361325202181312
10518,2.5258102,1.6293090626023052,2.683034962602305,3.5743303626023053
10534,4.540107,2.935877,3.8761618,4.6846757
10535,4.956092,3.62776,4.50124,5.2668037
10544,2.413,1.553429854743027,2.613930654743027,3.507918854743027
10545,2.6549191,1.5709467467327922,2.6358188467327923,3.5353300467327924
10546,2.508568,1.6763646884301906,2.723207788430191,3.6095895884301905
10547,2.4572048,1.5411349544325206,2.6044572544325204,3.5018212544325205
10548,2.9205213,1.6364041039445076,2.703219703944508,3.6033047039445076
10549,2.6292672,1.918529211935402,2.9422906119354018,3.812486211935402
10550,2.4559822,1.613017476780006,2.6648850767800063,3.556342676780006
10551,2.7834897,1.5867590610059714,2.6534918610059712,3.5542975610059715
10552,2.0805984,1.7216707458912142,2.755205345891214,3.634479845891214
10553,2.4570417,1.2187846702724472,2.319548570272447,3.246459670272447
10554,2.2551572,1.5064088881700588,2.568558788170059,3.467066788170059
10555,2.7650232,1.4092931871183367,2.4954046871183366,3.411074187118337
10556,3.0775008,1.9165921458129127,2.953798145812913,3.833910345812913
10557,2.7404063,2.0039983030941357,3.018318603094136,3.8811405030941355
10558,4.033043,2.1175124316650216,3.1580677316650214,4.042386931665021
10559,3.9219017,3.1102245336144625,4.028754133614463,4.825154633614463
10560,4.027441,2.9828089522050183,3.9202273522050186,4.729233352205019
10561,3.713042,3.054324578453367,3.9742778784533663,4.771634978453367
10562,4.254974,2.9255340693521124,3.8745544693521126,4.693421169352113
10563,4.406164,3.4102271284847023,4.308750628484702,5.089543128484702
10564,4.057673,3.416522075508515,4.301926675508515,5.074399275508515
10565,4.76412,3.1573756,4.0764494,4.8709435
10566,4.377953,3.8179251896430566,4.664519089643057,5.409664889643056
10567,4.599339,3.478222,4.367362,5.1411033
10568,4.6822214,3.7442474,4.6098137,5.365465
10569,4.586672,3.813696,4.672223,5.4237957
10570,4.8068156,3.7383733,4.6032634,5.3601904
10571,4.861503,3.9772923,4.8199253,5.5614214
10572,4.353892,3.874387915270815,4.714343315270815,5.452886315270815
10573,4.192865,3.4688841731807134,4.354532373180714,5.126353673180714
10574,4.067591,3.316276166185376,4.215647566185376,4.996888066185376
10575,3.996127,3.18713957521179,4.10088017521179,4.89169877521179
10576,4.151044,3.1602581679296975,4.081348567929697,4.877145567929698
10577,4.342788,3.3270418338875474,4.233557533887547,5.019407233887547
10596,7.3223395,6.7667713,7.3671794,7.9419193
10597,7.201831,6.64142,7.241485,7.8148594
10599,8.00607,6.8769565,7.4834266,8.064253
10600,7.761935,7.2596326,7.910661,8.534861
10601,7.56709,7.1065235,7.7378845,8.3425865
10602,8.728073,6.9650607,7.58003,8.168741
10603,8.536947,7.855683,8.586393,9.294922
10604,8.726195,7.732043,8.44616,9.136567
10605,8.910956,7.9248986,8.664787,9.382103
10606,8.959878,8.073259,8.832966,9.570877
10607,8.801256,8.139027,8.907513,9.654931
10608,8.017046,8.039066,8.7941675,9.527542
10610,9.514486,8.797341,9.653902,10.4936905
10611,9.332696,8.566551,9.392161,10.19905
10612,10.71324,8.510269,9.328343,10.128079
10613,11.33305,9.499913,10.450411,11.388807
10614,10.99736,9.995387,11.012142,12.018983
10615,11.101021,9.852096,10.849574,11.835702
10616,11.61538,9.969642,10.982821,11.985664
10617,11.54895,10.347413,11.411146,12.466867
10618,11.659649,10.358431,11.423606,12.481857
10619,11.81138,10.456388,11.534628,12.605362
10620,10.85433,10.5846195,11.680013,12.769129
10621,10.61667,9.930011,10.937701,11.93509
10622,12.012191,9.734474,10.716004,11.6858225
10623,11.850531,10.656638,11.76172,12.861538
10624,11.64276,10.593126,11.689647,12.779762
10625,11.645299,10.50313,11.587578,12.665587
10626,12.40005,10.5036335,11.588138,12.66628
10628,12.60505,10.960436,12.106092,13.247722
10629,12.87838,11.220532,12.401021,13.578904
10631,13.93589,11.356573,12.555234,13.752827
10633,13.650441,12.005298,13.290857,14.578466
10642,12.245621,11.046914,12.203741,13.356943
10643,12.99632,11.146872,12.317185,13.484801
10644,13.33689,11.578207,12.806393,14.033786
10654,13.928529,12.471496,13.819365,15.172522
10655,13.27258,12.401597,13.740076,15.08341
10656,14.14989,11.966218,13.246291,14.528528
10658,13.42876,11.924119,13.198557,14.474374
10659,12.69423,12.01701,13.303931,14.593091
10660,12.74361,11.509922,12.728865,13.947217
10665,12.17485,11.644393,12.881508,14.119991
10666,12.76555,11.074911,12.2356825,13.393705
10667,12.973059,11.4261,12.633971,13.840817
10668,12.44689,11.552099,12.776856,14.000568
10669,12.05493,11.233009,12.414997,13.594647
10670,11.768801,10.951823,12.096142,13.236591
10671,11.53799,10.71964,11.832885,12.941211
10672,11.84154,10.514264,11.600021,12.678873
10673,11.94472,10.693194,11.802972,12.907467
10674,12.836131,10.754244,11.872217,12.985162
10675,11.53484,11.347761,12.545283,13.740818
10676,11.01828,10.498937,11.582679,12.659188
10677,12.11627,10.133224,11.16803,12.194365
10678,12.513901,10.813051,11.938964,13.060114
10679,12.34798,11.100498,12.264905,13.425462
10680,12.13003,11.048779,12.206228,13.359775
10681,12.65303,10.926863,12.067969,13.205259
10682,12.416539,11.263142,12.449299,13.63289
10683,13.58078,11.126983,12.294858,13.459059
10684,13.25838,11.894017,13.16473,14.436598
10685,13.179799,11.755777,13.0079,14.260377
10686,13.56246,11.741398,12.991547,14.241486
10688,12.03727,11.751328,13.002766,14.255223
10689,11.56021,11.009231,12.161173,13.309222
10690,12.87019,10.621639,11.721692,12.815799
10691,12.86925,11.422051,12.6294365,13.835888
10692,11.68658,11.457216,12.669306,13.8805065
10693,11.38894,10.684131,11.792602,12.895248
10699,10.06095,9.904155,10.908566,11.902866
10700,9.206381,9.185364,10.093511,10.986125
10701,8.252898,8.580189,9.407423,10.216813
10702,7.554845,7.788708,8.510149,9.20839
10703,6.69667,7.1804867,7.8208756,8.4338455
10704,5.9657655,6.294686,6.9257073,7.5144706
10705,5.116072,5.5237255,6.2232327,6.86339
10706,5.4525332,4.533777,5.327117,6.0301414
10707,5.1719995,4.846685,5.6099095,6.2936425
10708,4.162195,4.1562798884798635,4.953043888479864,5.661327588479864
10709,3.4519398,3.2142175146050773,4.109604914605077,4.8866883146050775
10710,3.500636,2.670060663615891,3.6298566636158913,4.454542463615891
10711,3.838384,2.7428727886295996,3.7034779886295994,4.5274994886296
10712,4.619269,3.015799,3.9467561,4.751414
10713,5.8005104,3.778144,4.639221,5.3937244
10714,5.854335,4.9549828,5.707965,6.3851676
10720,7.789065,7.1270976,7.7610474,8.367448
10721,7.7480035,7.0595307,7.685561,8.283918
10731,7.115638,5.712371,6.3970346,7.023275
10732,5.6759887,6.419687,7.038107,7.621571
10733,6.233632,4.9629292,5.7154803,6.3914995
10739,7.001339,6.651397,7.252304,7.824852
10743,5.286331,4.835636,5.600302,6.28445
10744,4.430714,4.6086707,5.3931627,6.093058
10746,2.6591423,2.545684520672572,3.491891920672572,4.305402920672572
10747,2.1521347,1.663847219733484,2.702892919733484,3.581996519733484
10748,2.766135,1.4251219886210162,2.5100571886210163,3.4224733886210164
10749,2.192936,1.7979624912307652,2.8255433912307653,3.699364691230765
10750,2.3094327,1.2873554005045955,2.3748326005045954,3.2915466005045957
10751,2.5184083,1.4543192044354998,2.5292828044355,3.4358499044355
10752,3.710528,1.9090275017135252,2.9688286017135255,3.865217101713525
10754,2.538687,1.6503881349850351,2.701596434985035,3.5917358349850352
10760,5.7654395,-0.5891789,0.6772164,1.7154442
10761,6.042462,5.4039345,6.116638,6.7644486
10762,7.034875,5.2050858,5.9333706,6.5954204
10763,7.137722,6.3551683,6.979577,7.567437
10764,8.29699,6.4067674,7.0258746,7.61046
10767,9.626922,9.345353,10.275283,11.191492
10769,5.117488,7.5313463,8.218511,8.881108
10770,7.2970815,4.655836,5.4384727,6.1328173
10771,4.389688,6.139020981801791,6.741705581801791,7.315933281801792
10775,6.082897,4.9770446,5.728892,6.4037437
10784,7.819523,6.9033556,7.512135,8.095048
10785,7.821802,7.1678004,7.806552,8.41861
10786,8.535529,7.161711,7.799825,8.410696
10787,8.438633,7.716772,8.428882,9.117044
10788,7.897569,7.668805,8.374475,9.056235
10789,7.4613075,7.291966,7.947245,8.576289
10790,7.520468,6.928294,7.53973,8.125066
10791,7.512562,6.955603,7.569634,8.157152
10792,8.265798,6.9247713,7.5355473,8.1201105
10793,8.226096,7.508623,8.192909,8.851881
10794,7.2818975,7.492907,8.175073,8.832211
10795,7.398435,6.728293,7.3287807,7.9011545
10796,7.785247,6.839039,7.4429183,8.021182
10797,8.720082,7.1321425,7.766585,8.373595
10798,8.182631,7.8475914,8.577199,9.283941
10799,8.699165,7.47937,8.15971,8.815266
10800,8.074067,7.894888,8.6307745,9.343805
10801,8.770634,7.4286957,8.102237,8.7506275
10802,9.498424,7.963886,8.708988,9.4317255
10803,11.29893,8.501417,9.318381,10.116056
10804,11.93906,9.843201,10.839722,11.826198
10805,11.708089,10.406367,11.478195,12.542443
10806,12.06059,10.391328,11.461044,12.52377
10807,11.91412,10.700778,11.811878,12.91822
10808,9.818185,10.649214,11.753321,12.852014
10809,9.285262,9.164796,10.07009,10.96067
10810,9.133012,8.716379,9.561747,10.389424
10811,8.482716,8.496239,9.312229,10.108857
10812,10.78669,7.9618845,8.706489,9.429257
10816,8.867903,8.404821,9.208595,9.992635
10817,8.867453,8.267181,9.052632,9.818257
10818,9.888354,8.194739,8.970548,9.726028
10819,10.09064,8.9227295,9.795958,10.653608
10847,6.586158,4.71244,5.4876857,6.1807194
10850,6.9877,6.0692043,6.7212777,7.3248024
10851,6.1157317,6.300733,6.93034,7.520633
10852,6.1406965,5.428888,6.138977,6.784193
10853,6.1258216,5.4934645,6.197325,6.838627
10854,5.745375,5.4431877,6.151604,6.7962575
10855,5.0296483,5.0412045,5.787404,6.457767
10856,5.154962,4.326259,5.1367955,5.85514
10857,5.8075085,4.423654,5.226908,5.9376793
10858,5.125558,5.078481,5.8196,6.488952
10859,5.743564,4.3361373,5.1468086,5.8637385
10868,5.344087,4.6500483,5.429645,6.127875
10873,5.5238867,4.594373,5.38086,6.081345
10874,4.354389,4.495522298532558,5.268741898532558,5.960047498532559
10875,3.972202,3.415618501078978,4.296980201078978,5.0662106010789785
10876,3.8819602,3.130873811991731,4.048126211991731,4.8404828119917305
10877,3.2675643,2.894337137111391,3.8211243371113905,4.622062637111391
10883,2.9166398,2.3031851901443834,3.288676390144383,4.128805890144383
10884,2.274848,1.770775315672124,2.796124615672124,3.668300515672124
10885,3.168482,1.595174622514727,2.675872722514727,3.587766722514727
10886,3.4694242,2.3417763519541444,3.339918951954145,4.191759251954145
10887,3.9171557,2.6356315591833273,3.6096215591833274,4.446242559183327
10888,3.7391868,2.974796500736927,3.904686600736927,4.709955000736927
10889,4.727936,2.7888746,3.7418656,4.560571
10891,5.359847,4.006684,4.846472,5.586192
10892,5.804265,4.5156946,5.308208,6.0148873
10893,6.197755,4.95889,5.711784,6.3884726
10894,6.3093843,5.381842,6.096361,6.7448583
10895,6.938643,5.522049,6.2239094,6.862964
10896,7.080765,6.2068486,6.844601,7.4413323
10897,6.7854385,6.3716087,6.9939127,7.5805907
10898,7.329938,6.110684,6.7579217,7.359498
10899,8.075914,6.650816,7.250802,7.824387
10900,7.92801,7.269071,7.921386,8.547234
10901,8.118937,7.2044683,7.848117,8.46505
10902,8.104968,7.3918858,8.060578,8.703821
10903,8.075909,7.3939652,8.062917,8.706265
10904,8.299531,7.3895516,8.0578985,8.700297
10905,7.744772,7.570384,8.262905,8.930873
10908,7.353923,6.810621,7.412541,7.989317
10911,6.977461,6.217625,6.8556905,7.4499393
10935,2.8006291,2.6346983931606935,3.5744519931606935,4.383882393160693
10936,3.018833,1.8877369860719837,2.9261942860719836,3.8063333860719837
10939,2.4861093,2.260483943104591,3.2375356431045907,4.076975243104591
10940,2.396058,1.5132972147515904,2.5769241147515904,3.4743440147515905
10947,2.855063,1.3239343144463966,2.4221300144463966,3.3448430144463965
10948,3.090449,1.9893792510966959,3.016902251096696,3.890828551096696
10949,3.1990662,2.131404777786117,3.146507377786117,4.009004677786117
10951,3.4297562,2.7446913029648567,3.693521402964857,4.509773702964857
10952,2.25949,2.229477928013037,3.210408328013037,4.050356528013037
10953,2.071992,1.2872258855092544,2.3691615855092545,3.2825698855092544
10958,1.9500469,0.7592032079999115,1.8996004079999116,2.8530487079999114
10959,1.8121227,0.9578460801488553,2.0690300801488553,3.003339280148855
10960,1.7143197,0.8160954092271128,1.940765909227113,2.884923309227113
10961,1.8174658,0.7686503768709267,1.9041170468709268,2.854029846870927
10962,1.76408,0.8356829471484324,1.9590383771484323,2.9020816771484323
10963,1.9375249,0.83296787386208,1.96426531386208,2.91161281386208
10964,1.6219971,0.9029837643196972,2.017951364319697,2.9534603643196973
10965,1.7908801,0.6750809543151899,1.82109035431519,2.7781161543151898
10966,1.8291429,0.8738060298789222,1.996012479878922,2.939447879878922
10971,2.20281,0.8065133085551356,1.9510697085551356,2.9074830085551353
10972,2.1739178,1.251599581574721,2.340331381574721,3.258794381574721
10973,2.0334108,1.1358779233786744,2.2319324233786744,3.1547424233786745
10974,2.2833848,1.1093463696282526,2.2178366696282525,3.1484270696282524
10975,2.9917293,1.5154166967151927,2.5992672967151926,3.512940496715193
10976,2.5912147,1.9322329915054053,2.951619591505405,3.8196565915054053
10980,2.4430082,1.5198228912768863,2.5839727912768864,3.4821967912768863
10981,2.4368021,1.4797306215891242,2.5495719215891244,3.453034521589124
10982,2.3497682,1.4562494099757841,2.525487409975784,3.4284234099757844
10983,1.9017543,1.2330993880329921,2.313541688032992,3.2227832880329923
10984,1.807937,0.8942136117257684,2.0157036617257686,2.9537383617257684
10985,2.2332213,0.9743861475834478,2.0976983475834476,3.0396126475834477
10986,2.0187373,1.2310234107846794,2.3159025107846793,3.2308609107846795
10987,2.0674248,1.0407899820948003,2.1522811820948005,3.0838356820948003
10989,2.0655122,1.0320989037728172,2.1420262037728173,3.076042203772817
10990,2.3932137,1.1985581668420748,2.299254366842075,3.225871766842075
10991,2.2563558,1.3727501761241954,2.4489231761241954,3.355444976124195
10992,1.875446,1.2141904135035286,2.3004274135035288,3.216621613503529
10993,2.197967,0.9969941163329203,2.11522741633292,3.0546721163329202
10994,1.752175,1.1129418885145954,2.2017725885145953,3.1190842885145953
10995,1.8680638,0.7922496385422376,1.9261946385422375,2.874924338542238
10998,2.4025557,1.5123901984612191,2.576216598461219,3.476198898461219
10999,3.26409,1.62671828340488,2.70594878340488,3.61317908340488
11000,2.6243591,2.177226710723303,3.171047610723303,4.019969610723303
11001,3.0800402,1.720423501835952,2.779090301835952,3.673761301835952
11002,3.5504107,2.290175381714758,3.294458981714758,4.153288781714759
11003,3.8223443,2.6596780777612787,3.629399877761279,4.461079077761278
11004,3.88653,2.9074157961604308,3.8492429961604304,4.6622277961604315
11011,4.174339,3.2912477020045676,4.196764002004568,4.982635002004567
11012,4.294285,3.346433592282339,4.2489439922823395,5.033035492282339
11013,4.8242216,3.4604464,4.349467,5.1257796
11014,5.057786,3.9851897,4.8268275,5.568062
11015,4.8383617,4.179106,5.0048547,5.7318087
11016,5.4746194,3.98244,4.8255,5.5658994
11017,5.360764,4.646735,5.4293785,6.12575
11018,5.18425,4.5228786,5.316008,6.021112
11019,4.552851,4.3813586,5.187517,5.9018803
11020,4.430912,3.7497714,4.6131783,5.3695893
11021,4.229813,3.5560991834124915,4.429751583412492,5.193149983412492
11054,1.3458681,0.6729514622614323,1.8040577222614322,2.7513580222614324
11056,1.0742472,0.7910710068998581,1.900382506899858,2.833268506899858
11059,2.198074,1.5568620201913241,2.612312220191324,3.503479120191324
11062,3.1801608,2.023790042355836,3.0508049423558363,3.9239749423558363
11083,4.009682,2.7200369016934363,3.6893395016934365,4.520981601693436
11084,4.2995715,3.155434330249475,4.081116830249475,4.879128130249475
11085,4.495285,3.407364,4.302296,5.081342
11086,4.465719,3.6152644,4.4909644,5.2564254
11087,4.2801294,3.535433538812292,4.413407938812292,5.180511538812292
11088,3.7488863,3.2457006841911453,4.142094984191146,4.920897684191146
11089,3.972302,2.9271057949668298,3.8700819949668297,4.68339979496683
11090,4.243388,3.181276308823655,4.102162208823655,4.8992812088236555
11091,4.247882,3.38089813565466,4.27647443565466,5.05724613565466
11092,4.525983,3.3865414,4.2829843,5.0636578
11093,4.127535,3.567758627648003,4.439158327648003,5.200845627648003
11094,4.3556356,3.2951932081304594,4.20733950813046,4.996722908130459
11096,3.4096572,2.8093918352564424,3.7473436352564424,4.556234235256443
11097,3.2263067,2.506901058320384,3.478218158320384,4.312397458320383
11098,2.8693898,2.2582850152735783,3.251050615273578,4.098278215273578
11099,2.782579,1.9265691719652385,2.9541855719652386,3.8257796719652384
11100,2.81554,1.877066134363993,2.909820534363993,3.786530534363993
11101,3.0732992,1.9519336113379002,2.9855022113379004,3.8615177113379002
11103,2.3114312,1.601417497139181,2.654123197139181,3.545285297139181
11104,2.9587247,1.5480898048968947,2.6247271048968948,3.5335596048968947
11108,2.9356139,1.9085030007906718,2.941019200790672,3.818563900790672
11109,3.0278947,2.0025908420562364,3.026338942056236,3.8980418420562364
11110,3.6352947,2.2580254558365316,3.2712252558365313,4.135817555836532
11115,3.7718978,2.7159338396421258,3.678457039642126,4.504861639642126
11116,3.676302,2.8350928762655245,3.7803162762655242,4.594095576265524
11117,4.171331,2.866722246873449,3.822911346873449,4.6436789468734485
11118,4.330965,3.319413449279982,4.2258377492799815,5.012297449279981
11120,4.31065,3.4117324820717667,4.307642782071767,5.085398982071767
11121,4.352429,3.4454808920434425,4.337549092043442,5.114368092043442
11122,4.359782,3.4671108162353197,4.35803481623532,5.13205981623532
11123,4.296254,3.4656324109006182,4.353552710900618,5.126645110900618
11124,4.792544,3.4350421,4.3277273,5.1046634
11125,5.6196675,3.944109,4.790331,5.533639
11126,5.2514043,4.772595,5.542815,6.2316246
11127,5.055796,4.412637,5.2148867,5.927992
11128,5.222574,4.2608194,5.0772448,5.800156
11129,4.7311654,4.427668,5.2288084,5.9407644
11130,4.135384,3.7001619955617073,4.554244295561707,5.300162795561707
11131,3.738855,3.1882663189399945,4.093838518939995,4.877782918939994
11132,4.683571,2.9387856,3.8763654,4.6863785
11133,6.220399,3.894916,4.7445207,5.491974
11134,6.071606,5.3938684,6.1066337,6.754975
11135,6.0905824,5.25278,5.977816,6.635731
11136,5.362104,5.317578,6.038274,6.690678
11137,5.700011,4.580972,5.3687243,6.0699167
11138,5.858135,4.960302,5.7134776,6.3896666
11139,6.1956744,5.06008,5.80603,6.474139
11140,6.315792,5.490432,6.192654,6.835737
11145,7.674968,7.203114,7.846604,8.463444
11146,7.594198,7.005311,7.624995,8.217736
11147,7.8129,6.9593244,7.57367,8.161478
11148,7.4463735,7.1350946,7.7700796,8.3772335
11149,6.4361,6.8424563,7.4463525,8.024926
11150,7.259662,5.8869114,6.554617,7.169842
11151,7.185057,6.674032,7.273437,7.846951
11152,7.902604,6.5569854,7.1624475,7.737586
11153,7.8243923,7.1839676,7.8250976,8.438754
11154,7.403518,7.135845,7.7706985,8.378421
11155,7.172558,6.8051314,7.4069333,7.9832706
11156,7.267195,6.603912,7.2063646,7.7800093
11157,9.155271,6.667021,7.267179,7.839623
11158,8.538126,8.131065,8.898621,9.645619
11160,9.801491,8.001415,8.751538,9.479706
11161,9.199347,8.729217,9.576665,10.4066305
11163,8.394101,7.94971,8.692826,9.413646
11164,9.051399,7.7620816,8.480136,9.175106
11165,8.606835,8.230073,9.010728,9.771231
11166,9.100817,7.8990774,8.635446,9.349459
11169,8.515142,7.695731,8.404913,9.089984
11170,8.168365,7.816435,8.541785,9.244357
11173,11.18885,8.412733,9.217806,10.003778
11180,10.44446,9.625759,10.592842,11.548455
11184,13.12737,11.0455265,12.202674,13.355623
11204,11.05023,10.665016,11.77131,12.87183
11205,10.680911,9.968821,10.981804,11.98516
11206,11.837541,9.75918,10.744094,11.7183275
11208,11.863811,10.740133,11.856377,12.966474
11209,11.92816,10.643978,11.747301,12.844481
11210,11.877741,10.712568,11.825064,12.932475
11211,12.083639,10.682925,11.791416,12.894196
11214,12.322161,10.850642,11.981538,13.10727
11215,11.87427,11.03883,12.194946,13.347696
11216,12.73379,10.734417,11.849716,12.959175
11217,11.50813,11.301621,12.492946,13.682027
11219,11.34609,10.837692,11.966844,13.090944
11220,11.50472,10.345553,11.408789,12.465032
11221,13.2803,10.437977,11.51362,12.582522
11222,12.686959,11.573912,12.801812,14.029319
11223,12.46212,11.28202,12.470724,13.656826
11224,13.02842,11.187435,12.363433,13.536621
11225,13.6071,11.55498,12.780236,14.005225
11226,13.73424,11.956623,13.235697,14.516375
11227,13.94237,12.101384,13.399826,14.700684
11232,12.51011,11.684171,12.926447,14.169005
11233,12.80794,11.391982,12.595115,13.797032
11234,11.96003,11.523156,12.743907,13.96353
11235,13.18177,10.939231,12.081767,13.220834
11243,11.4346,11.809964,13.069231,14.329339
11244,11.6205,10.579867,11.674269,12.762261
11245,12.45985,10.635702,11.737665,12.833922
11247,12.36355,10.863421,11.995953,13.123977
11253,7.4718256,7.3674207,8.032503,8.671543
11254,8.195232,7.086536,7.7153573,8.31691
11255,7.9978027,7.5807247,8.274541,8.943999
11256,8.125789,7.3848677,8.052504,8.693828
11260,10.44764,7.9325123,8.6734495,9.392184
11276,11.74867,10.536156,11.6251545,12.7074
11281,10.90684,10.125673,11.159536,12.184435
11282,11.09081,9.973289,10.986769,11.990455
11292,9.855895,8.821952,9.68149,10.523918
11293,10.22838,9.047342,9.937101,10.811579
11294,9.544171,9.262935,10.181561,11.086376
11295,9.477662,8.763015,9.614716,10.448076
11296,8.312984,8.710113,9.554784,10.381637
11297,8.736606,7.799955,8.522927,9.222742
11298,8.632799,8.074232,8.833952,9.571894
11299,8.000957,7.947211,8.689973,9.410459
11300,8.199526,7.4647326,8.143013,8.796174
11301,8.341526,7.580514,8.274313,8.943438
11302,8.69903,7.651864,8.355212,9.034063
11303,8.547294,7.9274516,8.6676655,9.385816
11304,8.421949,7.8221264,8.548247,9.251781
11305,8.22955,7.7377687,8.452612,9.144338
11306,8.465359,7.58554,8.280038,8.950529
11307,8.967667,7.7473645,8.463495,9.155876
11308,10.0921,8.121481,8.887635,9.632503
11309,10.173409,8.967497,9.846804,10.710121
11310,10.49853,9.092006,9.987905,10.868307
11311,9.491365,9.388076,10.323546,11.244956
11312,8.833064,8.689739,9.531714,10.355553
11313,9.204044,8.20065,8.977218,9.732454
11314,8.109966,8.434828,9.242767,10.031478
11315,7.9077125,7.575611,8.2686405,8.936253
11316,8.089561,7.4060054,8.076433,8.720784
11317,9.924203,7.486523,8.167767,8.823996
11318,10.25587,8.811126,9.669536,10.511126
11319,9.841591,9.104068,10.001594,10.883071
11320,10.37925,8.899587,9.769706,10.623213
11321,12.53695,9.3164,10.242284,11.1545725
11322,12.86353,10.799831,11.92434,13.04336
11323,11.975,11.1849785,12.360996,13.534215
11331,14.27748,12.567324,13.928141,15.293896
11345,11.52552,10.238292,11.287308,12.328176
11351,12.64981,10.290358,11.346281,12.393843
11352,12.65676,11.149221,12.320239,13.488477
11353,12.30139,11.225525,12.406727,13.58595
11354,13.04886,11.033717,12.18915,13.340252
11355,12.72805,11.537093,12.759991,13.982316
11356,10.940109,11.370699,12.571248,13.770502
11357,10.33741,10.13956,11.175132,12.201741
11358,10.79722,9.635519,10.603673,11.559707
11359,11.0983,9.865101,10.864076,11.852585
11360,11.195819,10.036726,11.058703,12.070335
11361,11.54594,10.124066,11.157779,12.182949
11362,11.71643,10.375955,11.443417,12.504233
11363,10.96106,10.498634,11.582497,12.6592
11364,11.42542,9.98937,11.005007,12.0103245
11365,9.711565,10.29596,11.352675,12.400901
11373,12.436499,10.084721,11.113351,12.132599
11374,12.23934,10.8671665,12.000558,13.128666
11377,9.14964,10.040009,11.062429,12.074616
11378,10.68289,8.641906,9.477236,10.29467
11379,9.850829,9.661442,10.633317,11.593278
11380,9.145332,9.029451,9.91673,10.788036
11381,8.708531,8.521977,9.341409,10.141767
11382,8.112508,8.132745,8.900193,9.646676
11383,9.742223,7.6195645,8.318453,8.992829
11384,8.391955,8.767928,9.620473,10.456012
11385,7.5974317,7.7599006,8.477587,9.171963
11386,7.891883,7.1758018,7.8156,8.428059
11387,8.78977,7.3264337,7.9862823,8.619753
11388,6.654032,7.971188,8.717271,9.441756
11389,9.285725,6.1460476,6.7911153,7.388535
11390,8.945896,8.296211,9.085795,9.855679
11391,8.567303,8.04223,8.797784,9.53205
11392,8.906887,7.8544974,8.58493,9.292605
11393,8.390229,8.095564,8.858232,9.599341
11394,8.267049,7.715335,8.427152,9.115356
11395,9.235379,7.6248794,8.324612,8.999766
11396,8.508028,8.328197,9.121995,9.89587
11397,8.201794,7.8036394,8.527253,9.22779
11398,7.296923,7.601478,8.29809,8.9709
11399,7.9266987,6.820535,7.4245415,8.002344
11400,6.620316,7.3124275,7.9704466,8.601691
11401,6.9762616,6.0970664,6.7454386,7.347114
11402,8.907641,6.4559684,7.0722675,7.651933
11403,8.749022,7.934213,8.675428,9.394272
11404,9.383601,7.870252,8.602856,9.312815
11405,9.166173,8.404998,9.209075,9.992745
11406,9.23607,8.284733,9.072694,9.840324
11407,10.523629,8.384247,9.18551,9.967611
11408,10.49419,9.316966,10.2429905,11.154595
11409,9.092556,9.370539,10.303666,11.222948
11410,9.766212,8.410162,9.214755,10.000431
11411,8.932931,8.883286,9.7512,10.602719
11412,10.15394,8.242325,9.024485,9.786533
11413,8.40724,9.132,10.033216,10.9197
11414,11.44319,7.821531,8.547398,9.249819
11415,9.708728,9.956033,10.9675865,11.968718
11416,11.72292,8.783846,9.638396,10.4752445
11417,10.99859,10.280439,11.335375,12.382782
11418,12.1221695,9.833211,10.828145,11.811991
11419,12.32467,10.685945,11.795071,12.898773
11420,12.04489,10.888346,12.024512,13.156433
11421,11.12153,10.778468,11.8998375,13.016199
11422,9.207211,10.158447,11.196721,12.226508
11423,10.536019,8.712805,9.557584,10.384269
11424,10.21289,9.583022,10.544385,11.493795
11425,9.606513,9.316213,10.241873,11.154194
11426,9.608482,8.882133,9.749722,10.600629
11427,11.5555,8.835744,9.697171,10.541423
11428,9.407473,10.1712475,11.2115,12.243477
11429,8.494514,8.677886,9.518179,10.341076
11430,10.52878,8.00668,8.757237,9.484871
11431,10.50556,9.385148,10.32022,11.242024
11432,9.03576,9.411889,10.350493,11.276107
11433,11.66547,8.38495,9.186102,9.96691
11437,9.777419,7.95449,8.698255,9.41994
11438,9.457296,8.767078,9.619545,10.455371
11439,9.217168,8.566825,9.392445,10.19937
11440,9.514638,8.427002,9.233913,10.021506
11441,9.070279,8.637383,9.472441,10.289491
11442,8.311989,8.318395,9.110778,9.883726
11444,8.933229,8.85884,9.723563,10.571314
11445,10.41664,8.167452,8.939636,9.690461
11462,15.23386,13.250308,14.702935,16.16338
11463,15.09004,13.224479,14.673539,16.130756
11464,13.393819,13.198384,14.643852,16.098024
11465,13.35057,12.142001,13.445636,14.752043
11466,13.21438,12.050233,13.34155,14.635275
11468,11.994141,11.775701,13.030246,14.285938
11469,12.377961,11.019032,12.172178,13.3216715
11470,12.01909,11.208504,12.387125,13.563568
11473,12.85935,11.735682,12.985063,14.234269
11481,12.41184,11.392839,12.596214,13.798151
11482,12.69167,11.23373,12.415799,13.596191
11485,12.615221,10.998554,12.149154,13.296314
11486,12.016891,11.275006,12.462672,13.648016
11487,11.52503,10.887552,12.023302,13.154945
11488,11.12811,10.532491,11.620694,12.702643
11489,10.513771,10.199509,11.243144,12.277964
11490,11.19263,9.713474,10.692089,11.659133
11491,10.23809,10.140879,11.1768055,12.204492
11492,10.73799,9.432398,10.37348,11.301467
11493,10.883141,9.769482,10.755759,11.73147
11494,10.06643,9.84368,10.839905,11.825816
11495,10.43479,9.258855,10.176789,11.080198
11496,10.78639,9.494662,10.444202,11.380572
11497,10.168481,9.724372,10.704674,11.673272
11498,10.84017,9.298884,10.222224,11.131357
11499,10.22818,9.765578,10.751414,11.725736
11500,10.76824,9.339984,10.268852,11.184771
11501,10.109211,9.722487,10.702564,11.671361
11502,10.74969,9.249557,10.166323,11.069388
11503,10.84442,9.700821,10.678007,11.643819
11504,10.51637,9.770226,10.756685,11.732139
11505,10.57373,9.565673,10.524737,11.471674
11506,10.35431,9.6091,10.573992,11.527643
11507,10.98942,9.440362,10.382658,11.312348
11508,10.45351,9.880547,10.881778,11.872711
11509,9.396325,9.514624,10.466845,11.406647
11518,11.920129,10.1518955,11.189323,12.218038
11537,11.36693,10.093975,11.123705,12.1435
11538,11.83766,10.211626,11.257103,12.293788
11539,10.4205,10.569757,11.663202,12.750861
11540,10.63092,9.585636,10.547251,11.496618
11541,10.671911,9.709996,10.688295,11.654834
11542,10.2119,9.696077,10.67253,11.637185
11543,11.05256,9.372486,10.305654,11.225934
11544,12.01718,9.938729,10.947726,11.946824
11545,11.047149,10.611571,11.710667,12.80346
11546,9.911749,10.010396,11.028919,12.037689
11547,11.73656,9.208411,10.11959,11.0169525
11552,10.34307,9.602992,10.567031,11.518906
11553,9.083733,9.420167,10.359736,11.28588
11558,8.793688,7.381091,8.048018,8.689119
11559,8.972924,8.131841,8.899281,9.645865
11560,8.38917,8.180833,8.954831,9.707871
11561,9.741601,7.7692375,8.488206,9.183715
11562,9.96484,8.741217,9.590208,10.421349
11573,9.636649,9.524278,10.477682,11.418255
11574,9.298544,8.9727955,9.852444,10.716047
11576,11.70326,9.993134,11.009517,12.017009
11580,10.46152,9.441789,10.384282,11.313925
11581,11.47095,9.494826,10.444426,11.381588
11586,11.6121,10.028265,11.049146,12.060417
11591,12.82806,11.979424,13.261655,14.54462
11593,11.98992,11.226248,12.407388,13.586222
11595,12.37619,10.940911,12.083817,13.222616
11596,12.30297,11.102431,12.266991,13.428156
11597,12.28893,11.063741,12.223121,13.379142
11598,12.30144,11.051787,12.209564,13.363514
11599,12.31972,11.057006,12.215486,13.370293
11600,11.79378,11.075297,12.236241,13.394292
11601,11.87387,10.711299,11.823463,12.930195
11606,10.52257,9.930147,10.937878,11.935521
11607,11.18681,9.609477,10.574285,11.526392
11608,11.52853,10.081013,11.109016,12.128545
11615,10.52567,9.66525,10.637618,11.598827
11616,10.38382,9.572703,10.532679,11.480262
11617,10.75468,9.475829,10.422865,11.357809
11618,11.84582,9.714557,10.693544,11.660729
11619,11.83586,10.476543,11.557572,12.631445
11620,12.11031,10.544393,11.634465,12.718234
11621,11.562581,10.788376,11.911097,13.029107
11622,11.13992,10.447535,11.5245495,12.595082
11623,11.2417,10.148365,11.185284,12.2131815
11624,12.27599,10.192095,11.23488,12.268988
11625,11.38227,10.88633,12.022131,13.153733
11629,10.92929,9.965067,10.977431,11.97997
11630,11.62059,9.962043,10.974034,11.976187
11634,12.06145,10.545784,11.635944,12.720179
11635,11.27258,10.785372,11.907607,13.024668
11669,9.4724,9.416466,10.355524,11.28174
11670,8.988624,8.80243,9.659349,10.4997015
11671,9.674993,8.381425,9.182073,9.962703
11683,8.725598,8.002258,8.7524185,9.481006
11684,8.544047,7.9926195,8.7414875,9.468143
11685,8.100327,7.850793,8.580696,9.287235
11686,8.087733,7.5025487,8.185899,8.843407
11687,6.319497,7.4816008,8.162196,8.817732
11688,5.6912594,5.8381906,6.5106883,7.1286564
11689,6.129857,5.2113667,5.940432,6.6005387
11690,5.9645834,5.5541673,6.2523713,6.889649
11691,6.388475,5.3444905,6.0605373,6.7126613
11692,6.29227,5.7511206,6.4311414,7.055609
11693,6.5496216,5.610822,6.3040605,6.937452
11694,7.025383,5.8916073,6.5585837,7.173982
11695,7.351144,6.3402076,6.9665985,7.55421
11701,7.3820906,6.760906,7.3611197,7.935176
11702,6.731943,6.743002,7.3430557,7.916353
11703,6.672737,6.1434755,6.7881336,7.3869553
11704,6.576088,6.1123924,6.758313,7.360485
11705,6.8609242,5.967155,6.627547,7.2377443
11706,6.8843846,6.2394724,6.874986,7.4686356
11707,7.151087,6.230486,6.8680024,7.461213
11708,7.3950377,6.5012197,7.113216,7.690593
11709,7.999277,6.718439,7.3184633,7.8916106
11710,8.233565,7.2484164,7.897971,8.521402
11711,8.237812,7.442283,8.117703,8.767123
11712,8.45758,7.4916916,8.173706,8.830611
11713,8.252,7.681294,8.388642,9.0720005
11714,9.850737,7.5378585,8.225997,8.88857
11715,10.06981,8.7379265,9.586574,10.417928
11716,9.148477,8.949728,9.826623,10.686531
11717,9.652143,8.365231,9.163892,9.942931
11723,9.343492,8.159412,8.930564,9.681028
11724,9.042171,8.477528,9.291231,10.086169
11737,12.24992,10.3069105,11.365283,12.415582
11738,13.391031,10.806868,11.932172,13.053344
11739,12.91519,11.619419,12.8535595,14.087435
11740,12.84517,11.422598,12.630239,13.835966
11741,12.91046,11.443726,12.654137,13.863617
11742,12.67315,11.4967,12.714146,13.930422
11743,13.09743,11.361419,12.560688,13.758055
11744,13.06641,11.640539,12.877203,14.113484
11745,12.85545,11.639862,12.876404,14.112319
11746,12.67195,11.518349,12.738572,13.95726
11747,13.26295,11.402615,12.607332,13.810906
11748,13.13336,11.769372,13.023259,14.277806
11749,12.44723,11.710114,12.956039,14.202236
11750,12.72491,11.275183,12.462797,13.64871
11751,11.78945,11.422125,12.629448,13.835504
11752,12.40894,10.772338,11.89259,13.007995
11753,11.94946,11.141792,12.311585,13.47793
11754,11.5796,10.826475,11.954039,13.077196
11755,11.08887,10.555839,11.647164,12.731844
11756,11.52938,10.170581,11.210347,12.241296
11757,11.86037,10.431408,11.506166,12.573853
11761,10.61062,9.905063,10.909387,11.903507
11762,9.926102,9.715456,10.694436,11.662184
11763,9.537725,9.185805,10.093925,10.987252
11764,9.670676,8.85767,9.721959,10.570007
11765,9.561128,8.900671,9.770786,10.625346
11766,9.584275,8.774552,9.62781,10.463586
11767,9.689206,8.772888,9.625954,10.461468
11768,9.934304,8.837416,9.699143,10.544158
11769,9.064466,9.009604,9.894374,10.763251
11770,8.379543,8.38011,9.180677,9.962455
11771,7.814475,7.83987,8.568219,9.273677
11773,8.561689,8.149191,8.919029,9.668355
11774,8.364137,7.8440094,8.57301,9.279087
11776,8.994411,8.002791,8.753056,9.481335
11777,9.074504,8.168458,8.94087,9.692483
11778,8.689407,8.246685,9.02954,9.791826
11779,8.590943,7.974753,8.721233,9.445708
11808,7.1531777,8.130506,8.897827,9.643836
11809,8.352341,6.702579,7.303706,7.8755555
11810,9.820829,7.6649737,8.370099,9.050646
11811,9.913218,8.704873,9.549074,10.375682
11812,9.039332,8.8514185,9.715147,10.561251
11813,8.962938,8.278905,9.066016,9.832759
11814,8.506333,8.219585,8.998766,9.756777
11815,9.816418,7.859486,8.59053,9.298862
11816,8.45699,8.812594,9.671149,10.513182
11817,8.352427,7.807789,8.53189,9.232704
11818,8.174159,7.751916,8.468588,9.161452
11819,8.252389,7.5637717,8.25532,8.922209
11820,7.659375,7.6004534,8.296915,8.96821
11821,6.529254,7.1331053,7.76763,8.374829
11822,6.82542,6.051427,6.7047877,7.3085566
11823,7.391254,6.3128734,6.9419146,7.5305314
11824,7.6296153,6.7611575,7.361198,7.935434
11825,7.946253,6.9794717,7.595908,8.186162
11826,7.609214,7.2443314,7.893311,8.5159
11827,7.750907,6.9845934,7.601841,8.192083
11828,8.274226,7.1163845,7.748903,8.354228
11829,7.38481,7.5128746,8.197737,8.857812
11840,6.3970184,5.687024,6.373566,7.001807
11848,6.438362,5.557309,6.2561965,6.892559
11850,6.244336,5.568796,6.266005,6.902117
11851,5.7920613,5.5774703,6.2733226,6.909318
11854,5.599636,4.9840407,5.7344265,6.4094424
11855,5.972028,4.8577614,5.6205707,6.303229
11856,6.08562,5.2443857,5.9714913,6.628948
11860,7.356811,6.397099,7.018488,7.60281
11861,7.181455,6.615014,7.2165422,7.790768
11862,6.990165,6.499515,7.112079,7.689206
11863,7.494924,6.360175,6.984297,7.5706873
11864,7.194385,6.802925,7.405144,7.9813523
11865,7.874817,6.561305,7.1663284,7.741447
11866,7.559182,7.1625204,7.800811,8.411852
11877,9.606265,8.182736,8.956948,9.710277
11884,9.557305,9.006384,9.890625,10.759087
11885,7.66395,8.810585,9.668659,10.50974
11886,5.7488527,7.330337,7.9904866,8.624394
11887,6.588954,5.4149847,6.12694,6.772081
11888,6.5006,6.1813045,6.8216553,7.4188356
11889,7.1257744,5.9540834,6.6153727,7.226408
11891,6.704236,5.355435,6.072979,6.7222786
11892,7.0393224,6.10452,6.75291,7.3545003
11893,8.31135,6.3685403,6.992457,7.5780964
11894,5.617454,7.4453697,8.121253,8.771689
11895,5.869604,4.9541984,5.707469,6.383913
11896,8.154686,5.322851,6.0423393,6.6948366
11897,4.607578,7.2809196,7.9348426,8.562787
11898,4.22242,3.727409026099641,4.581683026099641,5.328950226099641
11899,3.865886,3.463419198400526,4.336096198400526,5.0975321984005255
11900,4.361447,3.20401985099532,4.12727195099532,4.92472195099532
11901,5.492475,3.62243,4.4977393,5.2624245
11902,3.8389227,4.320499713589272,5.0995987135892715,5.7933314135892715
11903,3.996172,2.984717710047201,3.922256410047201,4.729105910047201
11914,3.6050863,3.637240421566349,4.491256921566349,5.237868621566349
11915,1.4656037,2.0436308202455833,3.004323120245583,3.830633320245583
11927,2.9247499,2.382034565856738,3.358064665856738,4.193938765856737
11928,2.989471,1.919730622374253,2.953562822374253,3.8300613223742532
11929,2.4759657,1.9148715835866095,2.9314469835866093,3.7979017835866093
11930,3.226628,1.6949783927143014,2.762787792714301,3.6648656927143013
11931,3.2672858,2.3172271489077345,3.3118774489077345,4.1611736489077344
11933,2.7479157,2.0314236312367093,3.044639231236709,3.909529731236709
11934,3.121685,1.8904570701586387,2.9324596701586385,3.8146827701586385
11935,3.1542258,2.192109094361171,3.1987206943611715,4.055639294361171
11936,3.7758412,2.37701173483509,3.3808355348350903,4.23734713483509
11937,4.23767,2.979987219716077,3.924035219716077,4.738088219716077
11938,4.8568153,3.31418,4.217665,5.0028896
11941,4.947174,4.578495,5.3671417,6.068195
11942,4.901923,4.077432,4.912183,5.646
11943,4.304886,3.931212103525704,4.760316403525704,5.493690703525703
11944,3.3435683,3.2025944808364737,4.093724080836473,4.8684154808364735
11945,2.857441,2.3534569323913535,3.3309636323913536,4.167822232391353
11946,2.5780792,1.9128731743261742,2.931879574326174,3.799734174326174
11947,2.6307278,1.6891187727308936,2.7405407727308937,3.6287679727308935
11948,2.9515822,1.7998593160330656,2.8463475160330654,3.7319488160330656
11949,3.8609521,2.2367351847673786,3.2534276847673786,4.119589684767378
11950,3.0535378,2.7293598459645807,3.6658992459645807,4.473728645964581
11951,2.5164073,1.9395347742727695,2.95589037427277,3.8203429742727697
11952,2.8494678,1.6715414861217281,2.731277686121728,3.626230086121728
11953,2.202813,1.7922772230766022,2.8198978230766025,3.6933047230766025
11954,2.3642743,1.2802015301080418,2.371005330108042,3.289251830108042
11955,3.068239,1.6044601599193213,2.6742991599193213,3.5783398599193212
11956,3.5186467,2.2502972695486037,3.2586571695486035,4.119280869548604
11957,3.410018,2.5554900952832007,3.5243637952832008,4.3573386952832
11958,4.066979,2.625410632557027,3.605034232557027,4.445391332557026
11959,4.805101,3.1639144,4.081203,4.8763328
11960,5.097159,3.8604758,4.71552,5.463519
11961,4.397191,4.041517493887424,4.8646510938874234,5.591892493887424
11962,3.8104846,3.3314944291538326,4.218795629153833,4.991139329153833
11963,3.9700537,2.9757783521001335,3.912378752100133,4.7205374521001335
11964,3.2440953,2.9327621056930133,3.8522391056930134,4.649264105693014
11965,2.3878958,2.0986073458758074,3.0890151458758073,3.936127345875807
11966,2.9363527,1.629231380145939,2.694720380145939,3.595390980145939
11967,3.2265747,2.148418058123262,3.1606839581232617,4.024444358123262
11968,3.045677,2.2437556739378497,3.23916297393785,4.08906547393785
11969,3.2482827,2.178444915507984,3.1881581155079837,4.049927315507984
11970,3.410457,2.3610873105068717,3.3544028105068717,4.202572810506872
11971,3.87958,2.6218912649101607,3.5991823649101606,4.43784476491016
11972,4.018878,2.991925769692992,3.928663569692992,4.736340169692992
11973,4.249422,3.145540647281852,4.069810947281852,4.869142947281852
11974,3.4112957,3.1407343116216184,4.041700111621618,4.824434111621619
11975,2.555973,2.214989601987922,3.195449701987922,4.034196301987922
11976,2.9943357,1.7519165502802476,2.805428650280248,3.696754350280248
11977,2.648489,2.041340346442109,3.0501233464421094,3.911350046442109
11978,3.1053193,1.8302581729646392,2.877447772964639,3.7655793729646394
11980,3.6458902,2.637239577610544,3.603812777610544,4.434491077610543
11981,3.714764,2.724008941009149,3.6832400410091486,4.507152941009149
11982,3.9825888,2.844374042532693,3.7963209425326934,4.615158342532693
11983,4.205822,3.1184114434628243,4.044240143462824,4.844903143462824
11984,4.7618327,3.317902,4.2201304,5.005778
11985,4.6384506,3.8739743,4.7264743,5.474558
11986,4.298373,3.66933110206862,4.53514460206862,5.29194590206862
11987,4.529638,3.426996,4.3208084,5.0979457
11988,4.6808734,3.6616366,4.53497,5.295919
11989,4.8110056,3.8301597,4.6861234,5.4374437
11990,4.68329,3.9757352,4.8181686,5.560031
11991,4.7077746,3.8568668,4.709649,5.4597235
11992,5.0215096,3.8649642,4.718959,5.4670005
11993,4.759055,4.193493,5.016631,5.7436376
11994,4.784244,3.9299958,4.776566,5.521414
11995,5.4602957,3.965072,4.809435,5.5512223
11996,5.486348,4.629722,5.4141474,6.1114664
11997,4.7945814,4.679446,5.456914,6.1527257
11998,3.461206,3.6904031291653188,4.5331463291653185,5.273757429165319
11999,2.6856537,2.4105367974776715,3.3744678974776714,4.202427097477672
12000,3.054401,1.9296940616267584,2.9630319616267586,3.8404807616267584
12001,3.2590287,2.2476789137516415,3.2502781137516417,4.105034213751641
12006,5.8829894,4.860889,5.6211634,6.3054943
12007,5.673533,5.0625753,5.805889,6.4757457
12012,6.022264,4.9945245,5.744072,6.4183607
12025,4.6730247,4.7081275,5.484793,6.1771474
12030,4.451324,3.6163037,4.4936047,5.2575765
12031,4.9010773,3.6130133,4.490156,5.2547245
12033,4.617983,4.080608,4.9145827,5.6486015
12034,4.123009,3.62217386905437,4.4850028690543695,5.23917186905437
12035,4.771677,3.262921,4.1732025,4.9599833
12036,4.7455306,3.9466922,4.7934327,5.5359826
12037,4.95187,3.9006102,4.749858,5.4966884
12038,4.445473,4.12266,4.952711,5.6840386
12039,5.284885,3.5936382,4.472107,5.238254
12049,4.313219,3.708890556561754,4.568541356561754,5.322067656561754
12058,4.347813,3.4892119262682986,4.375574726268299,5.148561226268299
12059,4.152378,3.4582930490431223,4.344129549043123,5.115892049043122
12060,4.3269005,3.344533366939421,4.246339366939421,5.031660766939421
12061,4.6307435,3.4931557,4.380231,5.15357
12062,4.430735,3.7880797,4.647863,5.401986
12063,4.278291,3.5303045127491197,4.41147751274912,5.17957881274912
12064,3.918005,3.330305448692474,4.225938448692474,5.003221048692474
12065,3.879618,3.040105102363248,3.966528102363248,4.767831302363248
12066,3.9745789,3.0383508515512356,3.967541651551236,4.770766351551236
12067,3.9854517,3.1110898953898243,4.031878595389824,4.829728595389825
12068,3.8868577,3.0830567243132743,4.005321024313274,4.803170424313274
12074,4.4203424,3.3260472153089897,4.23470121530899,5.022505315308989
12075,4.494807,3.5506706,4.432929,5.2021594
12076,4.611693,3.622468,4.497982,5.2625785
12105,3.334988,2.9091730320900275,3.8373313320900277,4.639268432090027
12106,2.868427,2.346659114310421,3.326213914310421,4.165378914310421
12107,2.5008547,1.8925648350321698,2.9142418350321697,3.78347733503217
12108,2.0590408,1.4769338501931673,2.5336309501931673,3.4276611501931673
12109,2.8107588,1.3141438040667615,2.4108944040667617,3.3341472040667615
12110,2.943946,1.9600843523847171,2.986011052384717,3.8595645523847173
12112,4.250316,2.6112697810435233,3.6013379810435233,4.447370881043524
12113,4.9127727,3.3422768,4.2428308,5.0265317
12114,4.9300857,3.9789684,4.821846,5.563026
12115,4.949025,4.0175166,4.85681,5.5953984
12123,4.120905,3.1454479257494725,4.066022325749473,4.863001325749472
12124,4.626845,3.2421074,4.1531982,4.9423056
12125,4.797184,3.7616308,4.624918,5.37998
12130,3.676297,2.4121291740155764,3.409172074015576,4.2600684740155765
12131,4.442482,2.7987285,3.7502513,4.5688033
12132,4.62274,3.551155,4.4329658,5.202546
12133,4.389613,3.6625019178648155,4.528749217864815,5.287204517864815
12134,4.05272,3.4366380923620543,4.322429792362055,5.094880792362054
12135,4.00222,3.1738200907862932,4.0869638907862935,4.880360390786294
12136,4.433295,3.1361384,4.056602,4.852949
12137,4.3673363,3.5435576958066815,4.424847195806681,5.192758095806681
12138,4.8382983,3.5010607,4.3870254,5.1601334
12139,5.611083,4.0012007,4.841486,5.581572
12140,6.142626,4.751901,5.5246563,6.2143254
12141,6.182884,5.315383,6.0356116,6.688793
12142,6.703673,5.400961,6.112521,6.760621
12143,6.8349323,5.9466867,6.609491,7.221185
12144,6.6023006,6.122007,6.766715,7.369072
12174,6.903765,6.8121076,7.413917,7.9906693
12175,6.791881,6.329033,6.9554152,7.543933
12176,6.8557444,6.206036,6.845114,7.440159
12177,7.088009,6.2491474,6.883797,7.4766893
12178,7.405035,6.4727397,7.08623,7.6661606
12179,7.4222107,6.7437305,7.3433733,7.917272
12180,7.228651,6.760845,7.3610086,7.9351406
12186,8.490522,7.745422,8.461343,9.153718
12188,7.692615,7.9879546,8.736286,9.463266
12189,7.597576,7.157828,7.7954106,8.40635
12190,7.270408,7.071576,7.6988387,8.298304
12191,8.42975,6.735157,7.3347425,7.907914
12192,8.45553,7.649138,8.352215,9.03135
12193,8.372824,7.666984,8.372402,9.053485
12194,8.026049,7.6505203,8.353726,9.032653
12195,6.188841,7.393753,8.06263,8.705828
12196,6.916642,5.698373,6.3828626,7.0107126
12197,6.2413435,6.436052,7.051914,7.6346636
12199,5.0656385,3.9496136,4.7957954,5.537865
12200,4.403738,4.204946789490616,5.0065753894906155,5.7172252894906155
12201,4.555187,3.642578,4.516601,5.27933
12202,4.396171,3.766896478673142,4.623043178673142,5.374049778673142
12203,4.6051745,3.5749552,4.45621,5.2227125
12205,4.012726,3.8031890494131004,4.646398049413101,5.3866217494131
12206,4.7643375,3.1652482,4.0827603,4.877248
12207,5.802288,3.9803174,4.822341,5.5639353
12208,5.735608,4.9688883,5.720652,6.3968887
12209,6.04003,4.91071,5.667667,6.3476963
12210,6.137612,5.266038,5.990649,6.6471252
12223,3.8016663,2.658308505681001,3.628360505681001,4.459039905681001
12225,4.432246,3.1393,4.0599246,4.8557143
12226,3.8787796,3.4115622520766586,4.294955152076659,5.063505552076659
12227,3.246606,2.81594026674155,3.74857146674155,4.55486596674155
12228,3.1245031,2.3116239719723066,3.3035828719723064,4.1497339719723065
12229,2.6926298,2.1132453182056996,3.1157463182056997,3.9696553182057
12230,2.5562763,1.726398356055001,2.769154056055001,3.6527126560550007
12236,2.7114809,2.5904162786608564,3.542381178660856,4.359998478660856
12242,2.2077303,1.172950110013256,2.272689510013256,3.196444910013256
12243,2.9325867,1.4644658273143032,2.5505806273143032,3.467051027314303
12244,3.93904,2.2800362447771105,3.302824244777111,4.17276594477711
12258,6.431327,5.966601,6.626693,7.237762
12262,7.702567,6.560036,7.166783,7.741116
12263,8.253932,6.9563293,7.5703597,8.1579275
12264,7.189501,7.4208264,8.093405,8.740074
12266,8.040366,7.0191917,7.6405716,8.234257
12267,8.245149,7.3101697,7.9679527,8.599986
12268,8.933002,7.49331,8.175548,8.832735
12269,9.771462,8.033784,8.788266,9.5209675
12270,10.28388,8.696188,9.539243,10.365178
12271,10.00479,9.134817,10.036493,10.9232
12272,9.978829,9.005396,9.889685,10.757954
12273,10.80714,9.026664,9.913763,10.784938
12274,10.57145,9.63809,10.60701,11.56427
12275,10.71859,9.521783,10.475079,11.416156
12276,11.00909,9.658193,10.629704,11.588995
12280,9.493711,9.257447,10.175192,11.078114
12281,8.932075,8.822666,9.682289,10.525093
12300,7.9788704,7.749035,8.465399,9.159015
12303,7.0521135,7.1961884,7.838816,8.453799
12304,6.819109,6.5400043,7.1478515,7.722951
12306,7.454847,6.5697117,7.1747103,7.749086
12308,7.7816396,7.116715,7.749385,8.354244
12309,7.4253,7.116734,7.7493024,8.354668
12310,7.826684,6.8175664,7.4204764,7.9973636
12311,8.754924,7.1623445,7.8006787,8.411495
12313,8.946941,7.891652,8.6271105,9.339977
12314,9.152284,8.100257,8.863591,9.605726
12315,8.906606,8.267117,9.052728,9.817418
12317,7.958039,7.8219624,8.548029,9.251349
12318,7.949233,7.402964,8.073019,8.717262
12319,8.282603,7.3680735,8.033495,8.672769
12330,5.788579,5.0499473,5.7950807,6.465062
12337,8.664254,7.7380486,8.453086,9.144617
12339,10.53388,7.861311,8.5927305,9.301347
12347,12.81095,10.17527,11.216003,12.248563
12351,13.189689,10.339459,11.402016,12.456315
12353,13.02564,11.131142,12.299697,13.465198
12355,12.27689,10.969018,12.115747,13.258457
12356,10.87199,11.055845,12.214206,13.369464
12357,13.722149,10.053744,11.077863,12.093269
12359,12.11558,12.014104,13.300965,14.590011
12362,11.6632,12.202378,13.514365,14.828873
12363,10.2671,10.771471,11.891586,13.006534
12366,11.71197,10.330457,11.391678,12.44531
12367,10.62275,10.570406,11.663807,12.751444
12368,10.31759,9.774209,10.760973,11.736197
12369,10.7477,9.523029,10.476235,11.416738
12370,10.36049,9.768881,10.75506,11.730374
12382,10.851211,9.775867,10.7630205,11.738686
12383,10.25134,9.82939,10.8237095,11.80674
12385,9.246995,9.723978,10.704214,11.672723
12390,9.141969,7.960797,8.705235,9.427616
12391,10.21491,8.418941,9.22475,10.0122175
12395,8.334556,8.364469,9.162976,9.941518
12397,11.22976,8.432493,9.240158,10.027816
12398,10.27211,9.808936,10.800804,11.781485
12399,9.230359,9.23978,10.155364,11.056234
12400,10.00216,8.5393505,9.361201,10.164464
12401,9.595697,9.052088,9.9425535,10.816838
12402,8.980329,8.752189,9.602514,10.435147
12403,10.59165,8.311239,9.102593,9.873674
12404,12.1622,9.438926,10.381205,11.310358
12405,9.135228,10.555689,11.647466,12.732211
12406,9.235296,8.485365,9.299901,10.09536
12407,10.71911,8.571512,9.39764,10.204814
12408,10.99704,9.551191,10.508457,11.45339
12421,11.00353,9.307146,10.231651,11.142659
12422,12.36464,9.865049,10.8642435,11.853124
12425,11.234141,11.043023,12.199845,13.35333
12433,13.59538,12.071354,13.365855,14.663342
12457,13.93957,11.656963,12.895931,14.13517
12459,12.30072,11.648774,12.886528,14.1244135
12460,10.90891,11.17501,12.349215,13.520238
12461,10.58286,10.14776,11.184365,12.211914
12464,11.77013,10.593708,11.69025,12.781145
12469,12.021531,9.805184,10.796061,11.776047
12475,13.01956,12.335485,13.665332,14.998814
12476,11.71681,11.684697,12.927217,14.170603
12477,13.21063,10.7989855,11.9227705,13.041701
12478,12.495949,11.683719,12.926133,14.168343
12479,12.40764,11.242409,12.42565,13.606298
12480,14.002509,11.20644,12.384884,13.56138
12481,14.50917,12.183995,13.493535,14.806235
12482,14.86974,12.589372,13.953263,15.322413
12483,14.05741,12.904417,14.310533,15.723422
12484,14.39435,12.474087,13.822389,15.175331
12485,14.16716,12.680908,14.056914,15.438593
12486,15.0649,12.561663,13.9216385,15.287472
12487,14.58099,13.099589,14.531733,15.972049
12488,14.85801,12.862795,14.263119,15.670294
12489,15.38275,13.049574,14.474951,15.908734
12490,14.69714,13.366172,14.834023,16.31144
12491,14.821069,13.000251,14.418943,15.84495
12492,15.65298,13.075121,14.503857,15.941196
12493,15.09537,13.556864,15.050278,16.555367
12494,14.365069,13.276489,14.732224,16.19718
12495,13.13169,12.837493,14.234285,15.638061
12496,13.47753,11.998048,13.282236,14.569102
12497,14.58504,12.118304,13.418661,14.72152
12498,12.498269,12.755176,14.141029,15.532953
12499,14.803311,11.440585,12.650139,13.858519
12500,16.15286,12.793089,14.184151,15.58219
12501,14.67534,13.654341,15.161037,16.679003
12502,13.69618,12.939983,14.350711,15.768194
12503,13.05687,12.349043,13.680444,15.016665
12504,13.08484,11.849355,13.113705,14.378544
12505,13.09103,11.808433,13.067337,14.327336
12506,15.40084,11.778589,13.033535,14.28992
12507,14.64855,13.125775,14.561525,16.005472
12508,15.34893,12.823435,14.218573,15.62027
12511,14.43338,13.424006,14.899631,16.384773
12512,15.06548,12.883285,14.286276,15.6964655
12513,14.6991,13.213511,14.660809,16.11704
12514,15.14197,13.002456,14.421401,15.847973
12515,15.44604,13.261918,14.715691,16.178436
12523,15.48652,13.036117,14.4596,15.89148
12524,15.15498,13.453323,14.932837,16.423933
12526,15.16703,12.372293,13.706678,15.045519
12527,13.81305,13.192844,14.637378,16.090624
12528,13.11523,12.392928,13.730109,15.071596
12532,13.97456,10.969068,12.115493,13.2584915
12535,12.7462,12.440866,13.784701,15.132675
12537,14.21793,11.5732155,12.800673,14.026788
12538,15.2708,12.407743,13.747167,15.090863
12539,13.01915,13.11224,14.546202,15.988242
12540,15.03137,11.789529,13.045984,14.3033905
12541,14.239279,12.961422,14.375115,15.795973
12542,13.05562,12.565488,13.926004,15.292001
12543,14.0457,11.841512,13.104878,14.369166
12544,14.8276,12.406033,13.745148,15.089227
12545,14.79202,12.8935795,14.298105,15.709611
12546,14.586129,12.954722,14.367434,15.78783
12547,15.46489,12.86581,14.266553,15.674256
12548,15.59893,13.3821335,14.852164,16.331573
12549,14.700741,13.5205345,15.009113,16.5077
12550,12.99915,13.0366535,14.460228,15.891475
12551,13.76158,11.918997,13.192612,14.468072
12552,13.55698,12.301526,13.626495,14.955871
12553,13.881311,12.13689,13.439792,14.745562
12554,14.206051,12.339868,13.670038,15.004699
12555,13.66704,12.532231,13.888215,15.248805
12556,13.37857,12.216821,13.530492,14.8471775
12557,12.61573,12.007498,13.293095,14.579757
12558,12.6041,11.477361,12.691908,13.905364
12559,13.89771,11.42224,12.629459,13.836147
12561,13.767229,12.196542,13.507616,14.821218
12578,14.188781,13.542986,15.034541,16.536547
12579,15.05303,12.749077,14.134014,15.525255
12580,14.578039,13.206231,14.652527,16.107979
12581,13.91292,12.930869,14.340199,15.757395
12582,13.55774,12.512267,13.86543,15.224205
12583,13.94175,12.226074,13.540863,14.8591795
12584,13.80202,12.415103,13.755295,15.100312
12585,17.33263,12.3126745,13.639147,14.969352
12586,14.54169,14.224633,15.807906,17.405567
12587,15.2443,12.836442,14.233276,15.636912
12588,14.479521,13.289223,14.746785,16.213346
12589,15.106521,12.836597,14.233354,15.63662
12590,16.20911,13.215225,14.66279,16.119547
12591,15.877561,13.8575,15.3912945,16.937088
12593,15.220619,11.779853,13.034781,14.290697
12594,13.50867,13.146787,14.585181,16.032215
12595,11.30227,12.148349,13.452773,14.761048
12596,14.06941,10.642647,11.745285,12.842924
12597,12.64458,12.23984,13.556732,14.877534
12598,13.808919,11.387951,12.590603,13.792136
12599,13.95687,12.147412,13.451936,14.758991
12600,15.79064,12.2816305,13.604155,14.930603
12601,15.26497,13.404006,14.877172,16.36045
12602,15.14514,13.246726,14.698715,16.159943
12603,14.30872,13.238426,14.689222,16.14861
12604,16.66788,12.744937,14.129433,15.520123
12605,17.25847,14.034456,15.5921,17.163233
12606,14.66931,14.506813,16.127895,17.764803
